{
    "mean_weightage": {
        "CS - Algorithms": 0.056817630978816445,
        "CS - Compiler Design": 0.03243828900977912,
        "CS - Computer Networks": 0.048629636577785254,
        "CS - Computer Organization and Architecture": 0.07298604924561768,
        "CS - Data Structures": 0.004849599702058917,
        "CS - Databases": 0.06487775641365104,
        "CS - Digital Logic": 0.04861885724656857,
        "CS - Engineering Mathematics": 0.1054223297135872,
        "CS - Operating System": 0.08113754992326849,
        "CS - Operating Systems": 0.04582733690366641,
        "CS - Programming and Data Structures": 0.10545683565696502,
        "CS - Software Engineering": 0.0070455287321587266,
        "CS - Theory of Computation": 0.07299755658574755,
        "CS - Web Technologies": 0.0008851672269829002,
        "DA - Algorithms": 0.0035214591728229662,
        "DA - Artificial Intelligence": 0.0017576184229337092,
        "DA - Calculus": 0.00352253587875968,
        "DA - Data Structures": 0.0022064146551626714,
        "DA - Data Structures and Algorithms": 0.0008108299451162656,
        "DA - Databases": 0.0026465337442448454,
        "DA - Discrete Mathematics": 0.0013240876940712615,
        "DA - Linear Algebra": 0.004406859254495474,
        "DA - Machine Learning": 0.0066121157200683895,
        "DA - Probability and Statistics": 0.008368046624628868,
        "DA - Programming": 0.0008777208061861666,
        "DA - Programming and Algorithms": 0.0017651122503230532,
        "GA - Analytical Aptitude": 0.017616999084000946,
        "GA - Quantitative Aptitude": 0.03920341122283779,
        "GA - Spatial Aptitude": 0.008808261396316252,
        "GA - Verbal Ability": 0.02685821019834579,
        "General Aptitude": 0.12170366001303264
    },
    "std_dev": {
        "CS - Algorithms": 0.02305323254240961,
        "CS - Compiler Design": 0.017618548561236264,
        "CS - Computer Networks": 0.02140320229443775,
        "CS - Computer Organization and Architecture": 0.02586158772982913,
        "CS - Data Structures": 0.006924245686173049,
        "CS - Databases": 0.024479267821018977,
        "CS - Digital Logic": 0.021381046073373402,
        "CS - Engineering Mathematics": 0.030578610834159484,
        "CS - Operating System": 0.0271565108619816,
        "CS - Operating Systems": 0.02083462261643756,
        "CS - Programming and Data Structures": 0.030548765197239446,
        "CS - Software Engineering": 0.008318249048331845,
        "CS - Theory of Computation": 0.02588304749976197,
        "CS - Web Technologies": 0.0029686125054129934,
        "DA - Algorithms": 0.005891483541313121,
        "DA - Artificial Intelligence": 0.004158767395970249,
        "DA - Calculus": 0.005899936743866037,
        "DA - Data Structures": 0.004662173061964996,
        "DA - Data Structures and Algorithms": 0.0028334512690088793,
        "DA - Databases": 0.005121495831428583,
        "DA - Discrete Mathematics": 0.0036226245134583592,
        "DA - Linear Algebra": 0.0065972344362480815,
        "DA - Machine Learning": 0.00807247790659952,
        "DA - Probability and Statistics": 0.009071346471752001,
        "DA - Programming": 0.0029451050991713347,
        "DA - Programming and Algorithms": 0.004176910120868285,
        "GA - Analytical Aptitude": 0.01310824557289781,
        "GA - Quantitative Aptitude": 0.01933049815172269,
        "GA - Spatial Aptitude": 0.009294475265607722,
        "GA - Verbal Ability": 0.016092007067688898,
        "General Aptitude": 0.032501176815254745
    },
    "confidence_interval_lower": {
        "CS - Algorithms": 0.02058107728806305,
        "CS - Compiler Design": 0.0073858768442524305,
        "CS - Computer Networks": 0.015830102918017515,
        "CS - Computer Organization and Architecture": 0.030898022994804895,
        "CS - Data Structures": 3.81848945098731e-06,
        "CS - Databases": 0.025627171362408923,
        "CS - Digital Logic": 0.015833208091198092,
        "CS - Engineering Mathematics": 0.05339123322588041,
        "CS - Operating System": 0.03626243089205083,
        "CS - Operating Systems": 0.014214658868180415,
        "CS - Programming and Data Structures": 0.05349023664189587,
        "CS - Software Engineering": 4.701604404471044e-05,
        "CS - Theory of Computation": 0.03083971870709836,
        "CS - Web Technologies": 3.924740630931833e-21,
        "DA - Algorithms": 2.0256577735012028e-07,
        "DA - Artificial Intelligence": 5.234981976454184e-12,
        "DA - Calculus": 2.020059244530244e-07,
        "DA - Data Structures": 3.584829829167525e-10,
        "DA - Data Structures and Algorithms": 1.0642538364995009e-22,
        "DA - Databases": 6.085176686161203e-09,
        "DA - Discrete Mathematics": 4.5522145926649495e-15,
        "DA - Linear Algebra": 1.7561447142194182e-06,
        "DA - Machine Learning": 3.2179872340450775e-05,
        "DA - Probability and Statistics": 0.0001162066128421643,
        "DA - Programming": 3.995134923548334e-21,
        "DA - Programming and Algorithms": 5.197686998086782e-12,
        "GA - Analytical Aptitude": 0.001739862925985622,
        "GA - Quantitative Aptitude": 0.010672270974969986,
        "GA - Spatial Aptitude": 0.00014570614159851666,
        "GA - Verbal Ability": 0.004959167523115014,
        "General Aptitude": 0.06550422537727037
    },
    "confidence_interval_upper": {
        "CS - Algorithms": 0.1096977998056145,
        "CS - Compiler Design": 0.0747278773835065,
        "CS - Computer Networks": 0.0983776403573655,
        "CS - Computer Organization and Architecture": 0.1311897742706179,
        "CS - Data Structures": 0.024623960950569772,
        "CS - Databases": 0.12036502983168562,
        "CS - Digital Logic": 0.09826953604336645,
        "CS - Engineering Mathematics": 0.17240396442901326,
        "CS - Operating System": 0.1417275612616088,
        "CS - Operating Systems": 0.09439887699246077,
        "CS - Programming and Data Structures": 0.17221319900584353,
        "CS - Software Engineering": 0.03011695229530804,
        "CS - Theory of Computation": 0.13121465075656513,
        "CS - Web Technologies": 0.00897719006088963,
        "DA - Algorithms": 0.020684704626286424,
        "DA - Artificial Intelligence": 0.013954737941178111,
        "DA - Calculus": 0.02064455251117495,
        "DA - Data Structures": 0.016001257766823113,
        "DA - Data Structures and Algorithms": 0.00842612354118002,
        "DA - Databases": 0.017709239404753573,
        "DA - Discrete Mathematics": 0.011778276167851154,
        "DA - Linear Algebra": 0.02342827949449806,
        "DA - Machine Learning": 0.02910660040234019,
        "DA - Probability and Statistics": 0.033045715524851416,
        "DA - Programming": 0.00890662426338821,
        "DA - Programming and Algorithms": 0.014030377427721083,
        "GA - Analytical Aptitude": 0.05098167625646853,
        "GA - Quantitative Aptitude": 0.08491053577989834,
        "GA - Spatial Aptitude": 0.034089587907022,
        "GA - Verbal Ability": 0.06613718824953714,
        "General Aptitude": 0.19212937077319148
    }
}